{
    "providers": [
    {
        "file": "vibemine:font/logo.png", "chars": ["\ue238"], "height": 52, "ascent": 33, "type": "bitmap"
    },
    {
        "file": "vibemine:font/news.png", "chars": ["\uffff"], "height": 16, "ascent": 16, "type": "bitmap"
    },
    {
        "file": "vibemine:font/ping.png", "chars": ["\ufff6"], "height": 10, "ascent": 9, "type": "bitmap"
    },
    {
        "file": "vibemine:font/tps.png", "chars": ["\ufff5"], "height": 10, "ascent": 9, "type": "bitmap"
    },
    {
        "file": "vibemine:font/time.png", "chars": ["\ufff4"], "height": 10, "ascent": 9, "type": "bitmap"
    },
    {
        "file": "vibemine:font/vibemine.png", "chars": ["\ufff3"], "height": 10, "ascent": 9, "type": "bitmap"
    },
    {
        "file": "vibemine:font/restart.png", "chars": ["\ufffe"], "height": 16, "ascent": 16, "type": "bitmap"
    },
    {
        "file": "vibemine:font/kick.png", "chars": ["\ufffd"], "height": 16, "ascent": 16, "type": "bitmap"
    },
    {
        "file": "vibemine:font/ban.png", "chars": ["\ufffb"], "height": 16, "ascent": 16, "type": "bitmap"
    },
    {
        "file": "vibemine:font/warn.png", "chars": ["\ufffa"], "height": 16, "ascent": 16, "type": "bitmap"
    },
    {
        "file": "vibemine:font/tip.png", "chars": ["\ufff7"], "height": 16, "ascent": 16, "type": "bitmap"
    },
    {
        "file": "vibemine:font/rules.png", "chars": ["\ufff2"], "height": 16, "ascent": 16, "type": "bitmap"
    },
    {
        "file": "vibemine:font/pardon.png", "chars": ["\ufff9"], "height": 16, "ascent": 16, "type": "bitmap"
    },
    {
        "file": "vibemine:font/i_love_vibemine.png", "chars": ["\ufff8"], "height": 10, "ascent": 9, "type": "bitmap"
    },
    {
        "file": "vibemine:font/qxuwll.png", "chars": ["\ufff0"], "height": 9, "ascent": 8, "type": "bitmap"
    },
    {
        "file": "vibemine:font/xlebore3o4ka.png", "chars": ["\ufff1"], "height": 9, "ascent": 8, "type": "bitmap"
    },
    {
        "file": "vibemine:font/dr_mono.png", "chars": ["\uffef"], "height": 9, "ascent": 8, "type": "bitmap"
    },
    {
        "file": "vibemine:font/akvoidi.png", "chars": ["\ufffc"], "height": 9, "ascent": 8, "type": "bitmap"
    }
]
}
